churned,avg_tickets,avg_resolution_time
Active,4.087837837837838,36.2467597153804
Churned,3.9630681818181817,36.235070133196935
